start_time,end_time,value
2021-06-19 02:47:26 +0300,2021-06-19 05:00:01 +0300,HKCategoryValueSleepAnalysisInBed
2021-06-19 22:30:00 +0300,2021-06-20 00:25:12 +0300,HKCategoryValueSleepAnalysisInBed
2021-06-20 00:25:38 +0300,2021-06-20 05:00:12 +0300,HKCategoryValueSleepAnalysisInBed
2021-06-20 22:54:57 +0300,2021-06-21 05:15:08 +0300,HKCategoryValueSleepAnalysisInBed
2021-06-21 22:38:08 +0300,2021-06-22 04:45:01 +0300,HKCategoryValueSleepAnalysisInBed
2021-06-22 22:42:37 +0300,2021-06-23 05:15:09 +0300,HKCategoryValueSleepAnalysisInBed
2021-06-23 23:01:09 +0300,2021-06-24 05:30:13 +0300,HKCategoryValueSleepAnalysisInBed
2021-06-24 22:43:16 +0300,2021-06-25 05:30:11 +0300,HKCategoryValueSleepAnalysisInBed
2021-06-26 00:00:00 +0300,2021-06-26 07:00:20 +0300,HKCategoryValueSleepAnalysisInBed
2021-06-26 23:03:14 +0300,2021-06-27 05:00:47 +0300,HKCategoryValueSleepAnalysisInBed
2021-06-27 23:55:53 +0300,2021-06-28 05:00:11 +0300,HKCategoryValueSleepAnalysisInBed
2021-06-29 00:24:56 +0300,2021-06-29 07:30:09 +0300,HKCategoryValueSleepAnalysisInBed
2021-06-29 22:30:00 +0300,2021-06-30 05:20:34 +0300,HKCategoryValueSleepAnalysisInBed
2021-06-30 22:30:00 +0300,2021-07-01 05:15:17 +0300,HKCategoryValueSleepAnalysisInBed
2021-07-01 22:36:40 +0300,2021-07-02 05:35:15 +0300,HKCategoryValueSleepAnalysisInBed
2021-07-02 22:48:57 +0300,2021-07-03 06:00:20 +0300,HKCategoryValueSleepAnalysisInBed
2021-07-03 22:41:25 +0300,2021-07-04 05:50:27 +0300,HKCategoryValueSleepAnalysisInBed
2021-07-05 00:20:10 +0300,2021-07-05 08:00:25 +0300,HKCategoryValueSleepAnalysisInBed
2021-07-05 22:54:51 +0300,2021-07-06 06:00:26 +0300,HKCategoryValueSleepAnalysisInBed
2021-07-07 02:15:13 +0300,2021-07-07 06:33:44 +0300,HKCategoryValueSleepAnalysisInBed
2021-07-07 06:33:51 +0300,2021-07-07 07:00:16 +0300,HKCategoryValueSleepAnalysisInBed
2021-07-08 00:29:58 +0300,2021-07-08 06:15:13 +0300,HKCategoryValueSleepAnalysisInBed
2021-07-08 22:30:00 +0300,2021-07-09 05:00:13 +0300,HKCategoryValueSleepAnalysisInBed
2021-07-09 22:58:41 +0300,2021-07-10 05:00:24 +0300,HKCategoryValueSleepAnalysisInBed
2021-07-11 02:01:59 +0300,2021-07-11 04:31:13 +0300,HKCategoryValueSleepAnalysisInBed
2021-07-11 23:59:52 +0300,2021-07-12 05:00:30 +0300,HKCategoryValueSleepAnalysisInBed
2021-07-13 00:33:36 +0300,2021-07-13 05:00:28 +0300,HKCategoryValueSleepAnalysisInBed
2021-07-13 23:32:43 +0300,2021-07-14 07:00:16 +0300,HKCategoryValueSleepAnalysisInBed
2021-07-15 03:00:33 +0300,2021-07-15 04:37:38 +0300,HKCategoryValueSleepAnalysisInBed
2021-07-15 04:38:41 +0300,2021-07-15 04:39:17 +0300,HKCategoryValueSleepAnalysisInBed
2021-07-15 04:39:59 +0300,2021-07-15 04:44:19 +0300,HKCategoryValueSleepAnalysisInBed
2021-07-15 04:44:51 +0300,2021-07-15 05:00:00 +0300,HKCategoryValueSleepAnalysisInBed
2021-07-15 22:38:27 +0300,2021-07-16 05:00:17 +0300,HKCategoryValueSleepAnalysisInBed
2021-07-17 00:10:13 +0300,2021-07-17 05:00:10 +0300,HKCategoryValueSleepAnalysisInBed
2021-07-17 23:32:20 +0300,2021-07-18 05:00:36 +0300,HKCategoryValueSleepAnalysisInBed
2021-07-18 23:06:04 +0300,2021-07-19 05:00:19 +0300,HKCategoryValueSleepAnalysisInBed
2021-07-20 00:02:52 +0300,2021-07-20 05:00:09 +0300,HKCategoryValueSleepAnalysisInBed
2021-07-21 00:51:22 +0300,2021-07-21 05:00:35 +0300,HKCategoryValueSleepAnalysisInBed
2021-07-22 00:24:01 +0300,2021-07-22 06:30:10 +0300,HKCategoryValueSleepAnalysisInBed
2021-07-22 23:03:13 +0300,2021-07-23 05:30:28 +0300,HKCategoryValueSleepAnalysisInBed
2021-07-23 23:34:39 +0300,2021-07-24 05:45:20 +0300,HKCategoryValueSleepAnalysisInBed
2021-07-24 22:35:19 +0300,2021-07-25 05:00:12 +0300,HKCategoryValueSleepAnalysisInBed
2021-07-25 22:30:31 +0300,2021-07-26 05:00:16 +0300,HKCategoryValueSleepAnalysisInBed
2021-07-27 01:47:31 +0300,2021-07-27 05:00:10 +0300,HKCategoryValueSleepAnalysisInBed
2021-07-28 01:25:43 +0300,2021-07-28 07:30:32 +0300,HKCategoryValueSleepAnalysisInBed
2021-07-29 01:27:48 +0300,2021-07-29 05:01:10 +0300,HKCategoryValueSleepAnalysisInBed
2021-07-29 23:57:32 +0300,2021-07-29 23:57:38 +0300,HKCategoryValueSleepAnalysisInBed
2021-07-30 00:09:44 +0300,2021-07-30 00:09:47 +0300,HKCategoryValueSleepAnalysisInBed
2021-07-30 00:12:27 +0300,2021-07-30 00:13:07 +0300,HKCategoryValueSleepAnalysisInBed
2021-07-30 00:28:21 +0300,2021-07-30 00:28:34 +0300,HKCategoryValueSleepAnalysisInBed
2021-07-30 00:49:09 +0300,2021-07-30 00:49:33 +0300,HKCategoryValueSleepAnalysisInBed
2021-07-30 00:51:43 +0300,2021-07-30 00:55:42 +0300,HKCategoryValueSleepAnalysisInBed
2021-07-30 01:40:15 +0300,2021-07-30 08:30:09 +0300,HKCategoryValueSleepAnalysisInBed
2021-07-30 22:43:43 +0300,2021-07-31 05:00:27 +0300,HKCategoryValueSleepAnalysisInBed
2021-07-31 23:13:11 +0300,2021-08-01 05:00:14 +0300,HKCategoryValueSleepAnalysisInBed
2021-08-01 22:39:09 +0300,2021-08-02 05:00:31 +0300,HKCategoryValueSleepAnalysisInBed
2021-08-02 23:00:45 +0300,2021-08-03 05:00:48 +0300,HKCategoryValueSleepAnalysisInBed
2021-08-03 22:48:00 +0300,2021-08-04 05:00:25 +0300,HKCategoryValueSleepAnalysisInBed
2021-08-04 22:39:25 +0300,2021-08-05 05:00:26 +0300,HKCategoryValueSleepAnalysisInBed
2021-08-05 22:51:38 +0300,2021-08-06 05:00:31 +0300,HKCategoryValueSleepAnalysisInBed
2021-08-06 23:42:49 +0300,2021-08-07 06:30:16 +0300,HKCategoryValueSleepAnalysisInBed
2021-08-07 22:51:43 +0300,2021-08-08 06:01:17 +0300,HKCategoryValueSleepAnalysisInBed
2021-08-08 22:30:00 +0300,2021-08-09 05:00:42 +0300,HKCategoryValueSleepAnalysisInBed
2021-08-10 01:26:39 +0300,2021-08-10 05:00:36 +0300,HKCategoryValueSleepAnalysisInBed
2021-08-10 22:30:00 +0300,2021-08-11 05:30:31 +0300,HKCategoryValueSleepAnalysisInBed
2021-08-11 22:30:00 +0300,2021-08-12 05:30:19 +0300,HKCategoryValueSleepAnalysisInBed
2021-08-12 22:30:00 +0300,2021-08-13 05:30:14 +0300,HKCategoryValueSleepAnalysisInBed
2021-08-13 22:44:46 +0300,2021-08-14 05:30:11 +0300,HKCategoryValueSleepAnalysisInBed
2021-08-15 00:30:00 +0300,2021-08-15 07:00:20 +0300,HKCategoryValueSleepAnalysisInBed
2021-08-15 22:39:43 +0300,2021-08-16 05:45:15 +0300,HKCategoryValueSleepAnalysisInBed
2021-08-16 23:19:15 +0300,2021-08-17 05:45:23 +0300,HKCategoryValueSleepAnalysisInBed
2021-08-17 23:17:04 +0300,2021-08-18 05:30:40 +0300,HKCategoryValueSleepAnalysisInBed
2021-08-19 06:47:42 +0300,2021-08-19 08:00:15 +0300,HKCategoryValueSleepAnalysisInBed
2021-08-19 23:50:03 +0300,2021-08-20 07:15:42 +0300,HKCategoryValueSleepAnalysisInBed
2021-08-21 00:21:42 +0300,2021-08-21 08:00:10 +0300,HKCategoryValueSleepAnalysisInBed
2021-08-22 00:33:44 +0300,2021-08-22 03:34:42 +0300,HKCategoryValueSleepAnalysisInBed
2021-08-23 02:27:34 +0300,2021-08-23 07:00:12 +0300,HKCategoryValueSleepAnalysisInBed
2021-08-24 00:16:19 +0300,2021-08-24 05:00:19 +0300,HKCategoryValueSleepAnalysisInBed
2021-08-24 23:54:26 +0300,2021-08-25 05:00:26 +0300,HKCategoryValueSleepAnalysisInBed
2021-08-25 23:41:14 +0300,2021-08-26 07:30:16 +0300,HKCategoryValueSleepAnalysisInBed
2021-08-27 01:14:59 +0300,2021-08-27 05:00:00 +0300,HKCategoryValueSleepAnalysisInBed
2021-08-27 23:00:09 +0300,2021-08-28 05:00:13 +0300,HKCategoryValueSleepAnalysisInBed
2021-08-29 00:25:28 +0300,2021-08-29 08:23:15 +0300,HKCategoryValueSleepAnalysisInBed
2021-08-29 08:25:08 +0300,2021-08-29 08:26:23 +0300,HKCategoryValueSleepAnalysisInBed
2021-08-30 01:08:11 +0300,2021-08-30 05:00:00 +0300,HKCategoryValueSleepAnalysisInBed
2021-08-31 07:34:30 +0300,2021-08-31 07:47:38 +0300,HKCategoryValueSleepAnalysisInBed
2021-08-31 23:04:53 +0300,2021-09-01 06:00:36 +0300,HKCategoryValueSleepAnalysisInBed
2021-09-02 01:04:58 +0300,2021-09-02 07:30:08 +0300,HKCategoryValueSleepAnalysisInBed
2021-09-03 01:09:18 +0300,2021-09-03 07:30:22 +0300,HKCategoryValueSleepAnalysisInBed
2021-09-03 22:30:00 +0300,2021-09-04 05:30:11 +0300,HKCategoryValueSleepAnalysisInBed
2021-09-05 06:51:59 +0300,2021-09-05 08:00:09 +0300,HKCategoryValueSleepAnalysisInBed
2021-09-05 23:17:30 +0300,2021-09-06 05:00:12 +0300,HKCategoryValueSleepAnalysisInBed
2021-09-06 22:30:00 +0300,2021-09-07 05:00:20 +0300,HKCategoryValueSleepAnalysisInBed
2021-09-07 23:35:10 +0300,2021-09-08 05:50:13 +0300,HKCategoryValueSleepAnalysisInBed
2021-09-08 23:09:18 +0300,2021-09-09 05:30:14 +0300,HKCategoryValueSleepAnalysisInBed
2021-09-09 23:20:18 +0300,2021-09-10 05:30:10 +0300,HKCategoryValueSleepAnalysisInBed
2021-09-11 00:48:43 +0300,2021-09-11 07:00:13 +0300,HKCategoryValueSleepAnalysisInBed
2021-09-11 23:22:31 +0300,2021-09-12 08:00:15 +0300,HKCategoryValueSleepAnalysisInBed
2021-09-12 22:56:21 +0300,2021-09-13 06:00:18 +0300,HKCategoryValueSleepAnalysisInBed
2021-09-13 23:47:19 +0300,2021-09-14 05:59:18 +0300,HKCategoryValueSleepAnalysisInBed
2021-09-14 05:59:57 +0300,2021-09-14 06:00:02 +0300,HKCategoryValueSleepAnalysisInBed
2021-09-14 23:25:00 +0300,2021-09-15 06:00:11 +0300,HKCategoryValueSleepAnalysisInBed
2021-09-15 22:30:00 +0300,2021-09-16 06:00:10 +0300,HKCategoryValueSleepAnalysisInBed
2021-09-16 23:00:32 +0300,2021-09-17 05:00:12 +0300,HKCategoryValueSleepAnalysisInBed
2021-09-18 06:58:17 +0300,2021-09-18 08:00:16 +0300,HKCategoryValueSleepAnalysisInBed
2021-09-18 22:55:54 +0300,2021-09-19 06:00:10 +0300,HKCategoryValueSleepAnalysisInBed
2021-09-19 23:25:38 +0300,2021-09-20 06:00:22 +0300,HKCategoryValueSleepAnalysisInBed
2021-09-21 00:07:28 +0300,2021-09-21 06:00:21 +0300,HKCategoryValueSleepAnalysisInBed
2021-09-21 23:14:24 +0300,2021-09-22 06:00:21 +0300,HKCategoryValueSleepAnalysisInBed
2021-09-22 22:30:00 +0300,2021-09-23 04:30:10 +0300,HKCategoryValueSleepAnalysisInBed
2021-09-23 23:55:05 +0300,2021-09-24 06:00:18 +0300,HKCategoryValueSleepAnalysisInBed
2021-09-24 23:42:57 +0300,2021-09-25 05:00:18 +0300,HKCategoryValueSleepAnalysisInBed
2021-09-25 23:15:01 +0300,2021-09-26 07:00:10 +0300,HKCategoryValueSleepAnalysisInBed
2021-09-26 22:30:00 +0300,2021-09-27 05:00:07 +0300,HKCategoryValueSleepAnalysisInBed
2021-09-27 23:07:00 +0300,2021-09-28 05:00:17 +0300,HKCategoryValueSleepAnalysisInBed
2021-09-29 00:25:45 +0300,2021-09-29 07:30:16 +0300,HKCategoryValueSleepAnalysisInBed
2021-09-30 00:23:05 +0300,2021-09-30 05:30:07 +0300,HKCategoryValueSleepAnalysisInBed
2021-09-30 22:57:43 +0300,2021-10-01 05:00:45 +0300,HKCategoryValueSleepAnalysisInBed
2021-10-01 22:54:12 +0300,2021-10-02 07:00:13 +0300,HKCategoryValueSleepAnalysisInBed
2021-10-03 00:04:34 +0300,2021-10-03 05:00:15 +0300,HKCategoryValueSleepAnalysisInBed
2021-10-03 22:47:34 +0300,2021-10-04 05:00:08 +0300,HKCategoryValueSleepAnalysisInBed
2021-10-04 23:15:43 +0300,2021-10-05 05:00:15 +0300,HKCategoryValueSleepAnalysisInBed
2021-10-05 23:42:40 +0300,2021-10-06 07:30:16 +0300,HKCategoryValueSleepAnalysisInBed
2021-10-06 23:19:59 +0300,2021-10-07 06:00:09 +0300,HKCategoryValueSleepAnalysisInBed
2021-10-07 22:30:00 +0300,2021-10-08 05:00:12 +0300,HKCategoryValueSleepAnalysisInBed
2021-10-08 22:56:19 +0300,2021-10-09 05:00:07 +0300,HKCategoryValueSleepAnalysisInBed
2021-10-09 23:26:33 +0300,2021-10-10 05:00:24 +0300,HKCategoryValueSleepAnalysisInBed
2021-10-10 23:13:21 +0300,2021-10-11 05:10:07 +0300,HKCategoryValueSleepAnalysisInBed
2021-10-11 22:48:06 +0300,2021-10-12 05:00:14 +0300,HKCategoryValueSleepAnalysisInBed
2021-10-12 22:58:41 +0300,2021-10-13 05:00:10 +0300,HKCategoryValueSleepAnalysisInBed
2021-10-13 23:53:16 +0300,2021-10-14 05:30:10 +0300,HKCategoryValueSleepAnalysisInBed
2021-10-14 22:42:05 +0300,2021-10-15 05:00:11 +0300,HKCategoryValueSleepAnalysisInBed
2021-10-16 00:17:12 +0300,2021-10-16 08:30:15 +0300,HKCategoryValueSleepAnalysisInBed
2021-10-17 06:49:08 +0300,2021-10-17 09:00:20 +0300,HKCategoryValueSleepAnalysisInBed
2021-10-17 23:39:23 +0300,2021-10-18 05:00:07 +0300,HKCategoryValueSleepAnalysisInBed
2021-10-18 22:30:00 +0300,2021-10-19 05:00:16 +0300,HKCategoryValueSleepAnalysisInBed
2021-10-19 22:30:00 +0300,2021-10-20 05:30:25 +0300,HKCategoryValueSleepAnalysisInBed
2021-10-20 22:30:00 +0300,2021-10-21 05:00:13 +0300,HKCategoryValueSleepAnalysisInBed
2021-10-21 22:58:59 +0300,2021-10-22 06:00:15 +0300,HKCategoryValueSleepAnalysisInBed
2021-10-23 00:13:37 +0300,2021-10-23 07:30:11 +0300,HKCategoryValueSleepAnalysisInBed
2021-10-23 23:10:59 +0300,2021-10-24 07:00:14 +0300,HKCategoryValueSleepAnalysisInBed
2021-10-24 22:30:00 +0300,2021-10-25 05:15:07 +0300,HKCategoryValueSleepAnalysisInBed
2021-10-25 22:55:03 +0300,2021-10-26 05:45:09 +0300,HKCategoryValueSleepAnalysisInBed
2021-10-27 00:11:55 +0300,2021-10-27 07:00:17 +0300,HKCategoryValueSleepAnalysisInBed
2021-10-28 00:08:05 +0300,2021-10-28 07:51:53 +0300,HKCategoryValueSleepAnalysisInBed
2021-10-28 07:53:43 +0300,2021-10-28 07:55:05 +0300,HKCategoryValueSleepAnalysisInBed
2021-10-29 01:02:13 +0300,2021-10-29 08:13:45 +0300,HKCategoryValueSleepAnalysisInBed
2021-10-29 08:13:46 +0300,2021-10-29 08:55:18 +0300,HKCategoryValueSleepAnalysisInBed
2021-10-29 22:55:41 +0300,2021-10-30 05:00:13 +0300,HKCategoryValueSleepAnalysisInBed
2021-10-31 00:52:44 +0300,2021-10-31 08:30:12 +0300,HKCategoryValueSleepAnalysisInBed
2021-10-31 23:33:22 +0300,2021-11-01 06:00:09 +0300,HKCategoryValueSleepAnalysisInBed
2021-11-01 23:05:02 +0300,2021-11-02 05:30:08 +0300,HKCategoryValueSleepAnalysisInBed
2021-11-02 23:58:52 +0300,2021-11-03 06:00:12 +0300,HKCategoryValueSleepAnalysisInBed
2021-11-03 23:46:13 +0300,2021-11-04 05:00:09 +0300,HKCategoryValueSleepAnalysisInBed
2021-11-04 23:46:55 +0300,2021-11-05 05:00:15 +0300,HKCategoryValueSleepAnalysisInBed
2021-11-05 23:18:33 +0300,2021-11-06 05:30:16 +0300,HKCategoryValueSleepAnalysisInBed
2021-11-07 01:39:41 +0300,2021-11-07 05:00:11 +0300,HKCategoryValueSleepAnalysisInBed
2021-11-07 23:30:54 +0300,2021-11-08 05:30:15 +0300,HKCategoryValueSleepAnalysisInBed
2021-11-08 23:52:24 +0300,2021-11-09 06:00:00 +0300,HKCategoryValueSleepAnalysisInBed
2021-11-09 22:30:00 +0300,2021-11-10 04:30:09 +0300,HKCategoryValueSleepAnalysisInBed
2021-11-10 23:56:35 +0300,2021-11-11 05:00:08 +0300,HKCategoryValueSleepAnalysisInBed
2021-11-11 23:17:37 +0300,2021-11-12 05:30:15 +0300,HKCategoryValueSleepAnalysisInBed
2021-11-13 00:19:29 +0300,2021-11-13 07:00:10 +0300,HKCategoryValueSleepAnalysisInBed
2021-11-14 00:24:14 +0300,2021-11-14 08:30:15 +0300,HKCategoryValueSleepAnalysisInBed
2021-11-15 00:20:20 +0300,2021-11-15 08:00:11 +0300,HKCategoryValueSleepAnalysisInBed
2021-11-16 01:40:07 +0300,2021-11-16 09:00:19 +0300,HKCategoryValueSleepAnalysisInBed
2021-11-17 00:12:26 +0300,2021-11-17 06:30:15 +0300,HKCategoryValueSleepAnalysisInBed
2021-11-17 22:44:58 +0300,2021-11-18 05:00:08 +0300,HKCategoryValueSleepAnalysisInBed
2021-11-18 23:51:11 +0300,2021-11-19 05:30:20 +0300,HKCategoryValueSleepAnalysisInBed
2021-11-20 02:00:00 +0300,2021-11-20 08:30:08 +0300,HKCategoryValueSleepAnalysisInBed
2021-11-21 02:30:00 +0300,2021-11-21 08:00:26 +0300,HKCategoryValueSleepAnalysisInBed
2021-11-21 22:30:00 +0300,2021-11-22 04:30:17 +0300,HKCategoryValueSleepAnalysisInBed
2021-11-22 22:30:00 +0300,2021-11-23 04:30:09 +0300,HKCategoryValueSleepAnalysisInBed
2021-11-23 23:03:53 +0300,2021-11-24 05:00:14 +0300,HKCategoryValueSleepAnalysisInBed
2021-11-25 00:12:34 +0300,2021-11-25 05:00:10 +0300,HKCategoryValueSleepAnalysisInBed
2021-11-25 23:07:02 +0300,2021-11-26 04:30:18 +0300,HKCategoryValueSleepAnalysisInBed
2021-11-27 00:11:59 +0300,2021-11-27 07:30:12 +0300,HKCategoryValueSleepAnalysisInBed
2021-11-28 00:00:30 +0300,2021-11-28 07:00:17 +0300,HKCategoryValueSleepAnalysisInBed
2021-11-28 22:30:00 +0300,2021-11-29 04:35:14 +0300,HKCategoryValueSleepAnalysisInBed
2021-11-30 01:03:09 +0300,2021-11-30 08:00:22 +0300,HKCategoryValueSleepAnalysisInBed
2021-12-01 01:36:34 +0300,2021-12-01 07:14:23 +0300,HKCategoryValueSleepAnalysisInBed
2021-12-02 00:26:28 +0300,2021-12-02 06:00:17 +0300,HKCategoryValueSleepAnalysisInBed
2021-12-02 23:55:00 +0300,2021-12-03 06:00:11 +0300,HKCategoryValueSleepAnalysisInBed
2021-12-04 00:29:34 +0300,2021-12-04 08:00:12 +0300,HKCategoryValueSleepAnalysisInBed
2021-12-05 02:01:51 +0300,2021-12-05 09:45:07 +0300,HKCategoryValueSleepAnalysisInBed
2021-12-05 22:45:04 +0300,2021-12-06 05:00:12 +0300,HKCategoryValueSleepAnalysisInBed
2021-12-07 00:01:18 +0300,2021-12-07 06:00:10 +0300,HKCategoryValueSleepAnalysisInBed
2021-12-07 22:30:00 +0300,2021-12-08 05:00:20 +0300,HKCategoryValueSleepAnalysisInBed
2021-12-08 23:59:19 +0300,2021-12-09 06:30:07 +0300,HKCategoryValueSleepAnalysisInBed
2021-12-09 22:52:36 +0300,2021-12-10 05:00:12 +0300,HKCategoryValueSleepAnalysisInBed
2021-12-10 23:48:55 +0300,2021-12-11 07:00:08 +0300,HKCategoryValueSleepAnalysisInBed
2021-12-11 23:56:04 +0300,2021-12-12 07:00:12 +0300,HKCategoryValueSleepAnalysisInBed
2021-12-13 01:34:04 +0300,2021-12-13 06:00:14 +0300,HKCategoryValueSleepAnalysisInBed
2021-12-13 22:30:00 +0300,2021-12-14 04:45:25 +0300,HKCategoryValueSleepAnalysisInBed
2021-12-14 23:08:26 +0300,2021-12-15 05:30:09 +0300,HKCategoryValueSleepAnalysisInBed
2021-12-15 23:53:44 +0300,2021-12-16 05:00:10 +0300,HKCategoryValueSleepAnalysisInBed
2021-12-17 03:20:43 +0300,2021-12-17 07:15:09 +0300,HKCategoryValueSleepAnalysisInBed
2021-12-17 23:29:32 +0300,2021-12-18 07:00:08 +0300,HKCategoryValueSleepAnalysisInBed
2021-12-19 00:00:00 +0300,2021-12-19 07:30:21 +0300,HKCategoryValueSleepAnalysisInBed
2021-12-20 00:58:26 +0300,2021-12-20 08:00:13 +0300,HKCategoryValueSleepAnalysisInBed
2021-12-21 00:37:47 +0300,2021-12-21 07:45:11 +0300,HKCategoryValueSleepAnalysisInBed
2021-12-22 00:36:15 +0300,2021-12-22 08:30:22 +0300,HKCategoryValueSleepAnalysisInBed
2021-12-23 01:23:38 +0300,2021-12-23 09:00:15 +0300,HKCategoryValueSleepAnalysisInBed
2021-12-24 01:00:00 +0300,2021-12-24 06:30:19 +0300,HKCategoryValueSleepAnalysisInBed
2021-12-24 23:11:05 +0300,2021-12-25 05:01:31 +0300,HKCategoryValueSleepAnalysisInBed
2021-12-25 05:02:09 +0300,2021-12-25 07:30:07 +0300,HKCategoryValueSleepAnalysisInBed
2021-12-26 01:40:29 +0300,2021-12-26 09:00:10 +0300,HKCategoryValueSleepAnalysisInBed
2021-12-27 02:32:33 +0300,2021-12-27 09:00:19 +0300,HKCategoryValueSleepAnalysisInBed
2021-12-28 02:47:49 +0300,2021-12-28 09:30:26 +0300,HKCategoryValueSleepAnalysisInBed
2021-12-29 00:44:36 +0300,2021-12-29 07:30:10 +0300,HKCategoryValueSleepAnalysisInBed
2021-12-29 23:32:02 +0300,2021-12-30 07:30:09 +0300,HKCategoryValueSleepAnalysisInBed
2021-12-31 02:54:36 +0300,2021-12-31 10:00:16 +0300,HKCategoryValueSleepAnalysisInBed
2022-01-01 03:45:31 +0300,2022-01-01 04:00:02 +0300,HKCategoryValueSleepAnalysisInBed
2022-01-01 04:00:06 +0300,2022-01-01 04:01:03 +0300,HKCategoryValueSleepAnalysisInBed
2022-01-01 04:01:05 +0300,2022-01-01 04:08:40 +0300,HKCategoryValueSleepAnalysisInBed
2022-01-01 04:08:41 +0300,2022-01-01 04:09:27 +0300,HKCategoryValueSleepAnalysisInBed
2022-01-01 04:09:28 +0300,2022-01-01 04:09:36 +0300,HKCategoryValueSleepAnalysisInBed
2022-01-01 04:09:37 +0300,2022-01-01 04:27:27 +0300,HKCategoryValueSleepAnalysisInBed
2022-01-01 04:27:36 +0300,2022-01-01 04:28:06 +0300,HKCategoryValueSleepAnalysisInBed
2022-01-01 04:28:23 +0300,2022-01-01 04:31:45 +0300,HKCategoryValueSleepAnalysisInBed
2022-01-01 04:31:50 +0300,2022-01-01 04:35:29 +0300,HKCategoryValueSleepAnalysisInBed
2022-01-02 01:45:26 +0300,2022-01-02 09:00:21 +0300,HKCategoryValueSleepAnalysisInBed
2022-01-03 00:42:56 +0300,2022-01-03 08:30:21 +0300,HKCategoryValueSleepAnalysisInBed
2022-01-04 02:14:37 +0300,2022-01-04 08:55:12 +0300,HKCategoryValueSleepAnalysisInBed
2022-01-05 02:10:37 +0300,2022-01-05 09:30:23 +0300,HKCategoryValueSleepAnalysisInBed
2022-01-06 02:00:50 +0300,2022-01-06 09:15:16 +0300,HKCategoryValueSleepAnalysisInBed
2022-01-07 02:11:52 +0300,2022-01-07 09:30:10 +0300,HKCategoryValueSleepAnalysisInBed
2022-01-08 02:50:00 +0300,2022-01-08 09:00:20 +0300,HKCategoryValueSleepAnalysisInBed
2022-01-09 01:57:04 +0300,2022-01-09 09:30:01 +0300,HKCategoryValueSleepAnalysisInBed
2022-01-10 00:58:49 +0300,2022-01-10 05:00:11 +0300,HKCategoryValueSleepAnalysisInBed
2022-01-11 00:20:02 +0300,2022-01-11 08:00:06 +0300,HKCategoryValueSleepAnalysisInBed
2022-01-12 01:43:03 +0300,2022-01-12 08:55:11 +0300,HKCategoryValueSleepAnalysisInBed
2022-01-13 02:09:34 +0300,2022-01-13 03:09:22 +0300,HKCategoryValueSleepAnalysisInBed
2022-01-13 04:00:03 +0300,2022-01-13 09:40:00 +0300,HKCategoryValueSleepAnalysisInBed
2022-01-14 03:30:00 +0300,2022-01-14 08:25:58 +0300,HKCategoryValueSleepAnalysisInBed
2022-01-14 08:28:07 +0300,2022-01-14 08:28:08 +0300,HKCategoryValueSleepAnalysisInBed
2022-01-14 08:28:21 +0300,2022-01-14 08:28:28 +0300,HKCategoryValueSleepAnalysisInBed
2022-01-14 08:29:35 +0300,2022-01-14 10:00:07 +0300,HKCategoryValueSleepAnalysisInBed
2022-01-15 01:54:43 +0300,2022-01-15 02:56:55 +0300,HKCategoryValueSleepAnalysisInBed
2022-01-15 02:57:14 +0300,2022-01-15 03:04:55 +0300,HKCategoryValueSleepAnalysisInBed
2022-01-15 03:05:04 +0300,2022-01-15 03:05:20 +0300,HKCategoryValueSleepAnalysisInBed
2022-01-15 03:18:47 +0300,2022-01-15 03:21:37 +0300,HKCategoryValueSleepAnalysisInBed
2022-01-15 03:28:52 +0300,2022-01-15 03:28:57 +0300,HKCategoryValueSleepAnalysisInBed
2022-01-15 03:37:03 +0300,2022-01-15 03:37:21 +0300,HKCategoryValueSleepAnalysisInBed
2022-01-15 03:38:08 +0300,2022-01-15 09:00:20 +0300,HKCategoryValueSleepAnalysisInBed
2022-01-15 23:50:46 +0300,2022-01-16 02:42:37 +0300,HKCategoryValueSleepAnalysisInBed
2022-01-16 03:32:00 +0300,2022-01-16 03:32:40 +0300,HKCategoryValueSleepAnalysisInBed
2022-01-16 03:33:26 +0300,2022-01-16 03:35:49 +0300,HKCategoryValueSleepAnalysisInBed
2022-01-16 03:42:45 +0300,2022-01-16 03:43:18 +0300,HKCategoryValueSleepAnalysisInBed
2022-01-16 03:58:45 +0300,2022-01-16 03:59:42 +0300,HKCategoryValueSleepAnalysisInBed
2022-01-16 03:59:46 +0300,2022-01-16 05:00:01 +0300,HKCategoryValueSleepAnalysisInBed
2022-01-17 01:12:18 +0300,2022-01-17 08:50:17 +0300,HKCategoryValueSleepAnalysisInBed
2022-01-18 01:42:02 +0300,2022-01-18 07:45:33 +0300,HKCategoryValueSleepAnalysisInBed
2022-01-19 01:03:29 +0300,2022-01-19 07:30:14 +0300,HKCategoryValueSleepAnalysisInBed
2022-01-20 00:00:37 +0300,2022-01-20 07:30:09 +0300,HKCategoryValueSleepAnalysisInBed
2022-01-21 01:30:00 +0300,2022-01-21 08:06:15 +0300,HKCategoryValueSleepAnalysisInBed
2022-01-21 23:49:52 +0300,2022-01-22 08:00:20 +0300,HKCategoryValueSleepAnalysisInBed
2022-01-23 00:09:10 +0300,2022-01-23 01:54:31 +0300,HKCategoryValueSleepAnalysisInBed
2022-01-23 01:55:26 +0300,2022-01-23 01:58:51 +0300,HKCategoryValueSleepAnalysisInBed
2022-01-23 02:01:36 +0300,2022-01-23 02:02:01 +0300,HKCategoryValueSleepAnalysisInBed
2022-01-23 02:02:30 +0300,2022-01-23 02:05:29 +0300,HKCategoryValueSleepAnalysisInBed
2022-01-23 02:06:28 +0300,2022-01-23 02:10:27 +0300,HKCategoryValueSleepAnalysisInBed
2022-01-23 02:17:57 +0300,2022-01-23 04:22:36 +0300,HKCategoryValueSleepAnalysisInBed
2022-01-23 04:23:56 +0300,2022-01-23 05:00:00 +0300,HKCategoryValueSleepAnalysisInBed
2022-01-23 23:17:20 +0300,2022-01-24 05:40:33 +0300,HKCategoryValueSleepAnalysisInBed
2022-01-24 05:41:06 +0300,2022-01-24 05:50:06 +0300,HKCategoryValueSleepAnalysisInBed
2022-01-24 05:51:18 +0300,2022-01-24 05:51:19 +0300,HKCategoryValueSleepAnalysisInBed
2022-01-24 05:51:22 +0300,2022-01-24 05:52:28 +0300,HKCategoryValueSleepAnalysisInBed
2022-01-24 05:53:00 +0300,2022-01-24 05:53:01 +0300,HKCategoryValueSleepAnalysisInBed
2022-01-24 06:08:18 +0300,2022-01-24 07:50:22 +0300,HKCategoryValueSleepAnalysisInBed
2022-01-25 01:32:04 +0300,2022-01-25 05:00:24 +0300,HKCategoryValueSleepAnalysisInBed
2022-01-26 03:34:32 +0300,2022-01-26 04:20:09 +0300,HKCategoryValueSleepAnalysisInBed
2022-01-27 03:36:48 +0300,2022-01-27 03:46:52 +0300,HKCategoryValueSleepAnalysisInBed
2022-01-27 03:51:35 +0300,2022-01-27 03:52:46 +0300,HKCategoryValueSleepAnalysisInBed
2022-01-27 03:54:24 +0300,2022-01-27 03:56:52 +0300,HKCategoryValueSleepAnalysisInBed
2022-01-27 03:57:22 +0300,2022-01-27 04:02:24 +0300,HKCategoryValueSleepAnalysisInBed
2022-01-27 23:55:06 +0300,2022-01-28 08:00:16 +0300,HKCategoryValueSleepAnalysisInBed
2022-01-28 23:53:27 +0300,2022-01-29 07:20:58 +0300,HKCategoryValueSleepAnalysisInBed
2022-01-29 07:21:32 +0300,2022-01-29 07:40:22 +0300,HKCategoryValueSleepAnalysisInBed
2022-01-30 00:23:00 +0300,2022-01-30 08:30:11 +0300,HKCategoryValueSleepAnalysisInBed
2022-01-31 00:07:33 +0300,2022-01-31 08:00:22 +0300,HKCategoryValueSleepAnalysisInBed
2022-02-01 01:15:57 +0300,2022-02-01 09:00:17 +0300,HKCategoryValueSleepAnalysisInBed
2022-02-02 00:00:00 +0300,2022-02-02 08:00:41 +0300,HKCategoryValueSleepAnalysisInBed
2022-02-03 02:00:00 +0300,2022-02-03 08:30:28 +0300,HKCategoryValueSleepAnalysisInBed
2022-02-04 01:27:12 +0300,2022-02-04 08:30:11 +0300,HKCategoryValueSleepAnalysisInBed
2022-02-05 00:58:52 +0300,2022-02-05 08:00:11 +0300,HKCategoryValueSleepAnalysisInBed
2022-02-05 22:39:40 +0300,2022-02-06 05:00:08 +0300,HKCategoryValueSleepAnalysisInBed
2022-02-06 23:28:01 +0300,2022-02-07 05:00:31 +0300,HKCategoryValueSleepAnalysisInBed
2022-02-07 22:30:00 +0300,2022-02-08 05:00:15 +0300,HKCategoryValueSleepAnalysisInBed
2022-02-08 23:14:14 +0300,2022-02-09 05:30:12 +0300,HKCategoryValueSleepAnalysisInBed
2022-02-09 22:33:42 +0300,2022-02-10 05:00:14 +0300,HKCategoryValueSleepAnalysisInBed
2022-02-10 23:06:08 +0300,2022-02-11 05:00:10 +0300,HKCategoryValueSleepAnalysisInBed
2022-02-11 23:29:43 +0300,2022-02-12 06:30:11 +0300,HKCategoryValueSleepAnalysisInBed
2022-02-13 00:25:00 +0300,2022-02-13 06:33:27 +0300,HKCategoryValueSleepAnalysisInBed
2022-02-13 06:34:17 +0300,2022-02-13 07:00:36 +0300,HKCategoryValueSleepAnalysisInBed
2022-02-13 23:16:51 +0300,2022-02-14 05:30:18 +0300,HKCategoryValueSleepAnalysisInBed
2022-02-15 01:30:00 +0300,2022-02-15 08:00:11 +0300,HKCategoryValueSleepAnalysisInBed
2022-02-16 00:24:09 +0300,2022-02-16 08:00:09 +0300,HKCategoryValueSleepAnalysisInBed
2022-02-17 01:43:15 +0300,2022-02-17 03:59:34 +0300,HKCategoryValueSleepAnalysisInBed
2022-02-17 04:00:29 +0300,2022-02-17 09:00:10 +0300,HKCategoryValueSleepAnalysisInBed
2022-02-18 00:31:40 +0300,2022-02-18 08:00:15 +0300,HKCategoryValueSleepAnalysisInBed
2022-02-19 00:12:40 +0300,2022-02-19 06:45:19 +0300,HKCategoryValueSleepAnalysisInBed
2022-02-20 00:56:51 +0300,2022-02-20 08:30:11 +0300,HKCategoryValueSleepAnalysisInBed
2022-02-20 23:20:30 +0300,2022-02-21 05:00:18 +0300,HKCategoryValueSleepAnalysisInBed
2022-02-21 22:30:00 +0300,2022-02-22 04:55:11 +0300,HKCategoryValueSleepAnalysisInBed
2022-02-23 01:07:31 +0300,2022-02-23 07:00:13 +0300,HKCategoryValueSleepAnalysisInBed
2022-02-24 00:59:52 +0300,2022-02-24 07:00:10 +0300,HKCategoryValueSleepAnalysisInBed
2022-02-24 23:58:39 +0300,2022-02-25 06:30:13 +0300,HKCategoryValueSleepAnalysisInBed
2022-02-26 01:30:00 +0300,2022-02-26 07:45:14 +0300,HKCategoryValueSleepAnalysisInBed
2022-02-26 23:30:07 +0300,2022-02-27 07:30:10 +0300,HKCategoryValueSleepAnalysisInBed
2022-02-28 00:06:39 +0300,2022-02-28 07:00:13 +0300,HKCategoryValueSleepAnalysisInBed
2022-03-01 00:38:27 +0300,2022-03-01 07:15:10 +0300,HKCategoryValueSleepAnalysisInBed
2022-03-01 23:51:42 +0300,2022-03-02 07:15:11 +0300,HKCategoryValueSleepAnalysisInBed
2022-03-02 23:51:34 +0300,2022-03-03 06:45:13 +0300,HKCategoryValueSleepAnalysisInBed
2022-03-04 00:20:53 +0300,2022-03-04 06:30:18 +0300,HKCategoryValueSleepAnalysisInBed
2022-03-04 23:54:14 +0300,2022-03-04 23:54:15 +0300,HKCategoryValueSleepAnalysisInBed
2022-03-05 00:11:00 +0300,2022-03-05 07:30:15 +0300,HKCategoryValueSleepAnalysisInBed
2022-03-05 23:39:45 +0300,2022-03-06 07:45:11 +0300,HKCategoryValueSleepAnalysisInBed
2022-03-07 00:07:00 +0300,2022-03-07 07:30:12 +0300,HKCategoryValueSleepAnalysisInBed
2022-03-08 02:13:36 +0300,2022-03-08 07:30:18 +0300,HKCategoryValueSleepAnalysisInBed
2022-03-09 01:35:24 +0300,2022-03-09 09:00:18 +0300,HKCategoryValueSleepAnalysisInBed
2022-03-10 02:57:47 +0300,2022-03-10 05:00:36 +0300,HKCategoryValueSleepAnalysisInBed
2022-03-11 02:05:35 +0300,2022-03-11 09:30:14 +0300,HKCategoryValueSleepAnalysisInBed
2022-03-11 23:11:29 +0300,2022-03-12 08:00:13 +0300,HKCategoryValueSleepAnalysisInBed
2022-03-13 02:30:00 +0300,2022-03-13 09:00:16 +0300,HKCategoryValueSleepAnalysisInBed
2022-03-13 23:11:53 +0300,2022-03-14 06:15:14 +0300,HKCategoryValueSleepAnalysisInBed
2022-03-15 00:02:49 +0300,2022-03-15 07:00:13 +0300,HKCategoryValueSleepAnalysisInBed
2022-03-15 23:12:26 +0300,2022-03-16 06:15:13 +0300,HKCategoryValueSleepAnalysisInBed
2022-03-16 23:44:37 +0300,2022-03-17 06:45:12 +0300,HKCategoryValueSleepAnalysisInBed
2022-03-17 23:03:38 +0300,2022-03-18 06:45:14 +0300,HKCategoryValueSleepAnalysisInBed
2022-03-19 00:39:45 +0300,2022-03-19 09:00:11 +0300,HKCategoryValueSleepAnalysisInBed
2022-03-20 00:12:12 +0300,2022-03-20 08:00:12 +0300,HKCategoryValueSleepAnalysisInBed
2022-03-21 00:14:22 +0300,2022-03-21 06:45:13 +0300,HKCategoryValueSleepAnalysisInBed
2022-03-22 00:20:50 +0300,2022-03-22 06:30:14 +0300,HKCategoryValueSleepAnalysisInBed
2022-03-23 01:07:34 +0300,2022-03-23 07:00:18 +0300,HKCategoryValueSleepAnalysisInBed
2022-03-24 00:41:58 +0300,2022-03-24 06:30:15 +0300,HKCategoryValueSleepAnalysisInBed
2022-03-24 23:36:04 +0300,2022-03-25 06:00:13 +0300,HKCategoryValueSleepAnalysisInBed
2022-03-26 00:41:07 +0300,2022-03-26 08:30:11 +0300,HKCategoryValueSleepAnalysisInBed
2022-03-27 00:23:52 +0300,2022-03-27 07:26:23 +0300,HKCategoryValueSleepAnalysisInBed
2022-03-27 23:52:07 +0300,2022-03-28 06:00:20 +0300,HKCategoryValueSleepAnalysisInBed
2022-03-29 01:12:21 +0300,2022-03-29 07:00:11 +0300,HKCategoryValueSleepAnalysisInBed
2022-03-30 01:09:36 +0300,2022-03-30 07:00:15 +0300,HKCategoryValueSleepAnalysisInBed
2022-03-30 23:53:10 +0300,2022-03-31 06:30:10 +0300,HKCategoryValueSleepAnalysisInBed
2022-03-31 23:10:35 +0300,2022-04-01 06:30:10 +0300,HKCategoryValueSleepAnalysisInBed
2022-04-01 22:50:29 +0300,2022-04-02 05:15:17 +0300,HKCategoryValueSleepAnalysisInBed
2022-04-02 23:45:45 +0300,2022-04-03 07:45:15 +0300,HKCategoryValueSleepAnalysisInBed
2022-04-04 00:01:07 +0300,2022-04-04 06:30:13 +0300,HKCategoryValueSleepAnalysisInBed
2022-04-05 00:07:19 +0300,2022-04-05 06:40:23 +0300,HKCategoryValueSleepAnalysisInBed
2022-04-05 23:41:57 +0300,2022-04-06 06:30:10 +0300,HKCategoryValueSleepAnalysisInBed
2022-04-06 23:12:17 +0300,2022-04-07 05:45:09 +0300,HKCategoryValueSleepAnalysisInBed
2022-04-07 23:43:16 +0300,2022-04-08 06:45:13 +0300,HKCategoryValueSleepAnalysisInBed
2022-04-08 23:46:52 +0300,2022-04-09 08:00:09 +0300,HKCategoryValueSleepAnalysisInBed
2022-04-10 01:09:08 +0300,2022-04-10 03:07:07 +0300,HKCategoryValueSleepAnalysisInBed
2022-04-10 03:08:06 +0300,2022-04-10 08:49:25 +0300,HKCategoryValueSleepAnalysisInBed
2022-04-10 23:34:00 +0300,2022-04-11 04:00:16 +0300,HKCategoryValueSleepAnalysisInBed
2022-04-12 00:01:41 +0300,2022-04-12 05:00:13 +0300,HKCategoryValueSleepAnalysisInBed
2022-04-12 22:31:03 +0300,2022-04-13 04:00:11 +0300,HKCategoryValueSleepAnalysisInBed
2022-04-14 01:04:44 +0300,2022-04-14 08:30:09 +0300,HKCategoryValueSleepAnalysisInBed
2022-04-15 00:55:03 +0300,2022-04-15 07:00:09 +0300,HKCategoryValueSleepAnalysisInBed
2022-04-16 00:48:47 +0300,2022-04-16 05:00:11 +0300,HKCategoryValueSleepAnalysisInBed
2022-04-17 00:03:03 +0300,2022-04-17 04:00:27 +0300,HKCategoryValueSleepAnalysisInBed
2022-04-18 00:10:49 +0300,2022-04-18 06:00:16 +0300,HKCategoryValueSleepAnalysisInBed
2022-04-19 00:47:29 +0300,2022-04-19 04:00:15 +0300,HKCategoryValueSleepAnalysisInBed
2022-04-20 00:14:16 +0300,2022-04-20 06:30:17 +0300,HKCategoryValueSleepAnalysisInBed
2022-04-21 01:43:00 +0300,2022-04-21 03:24:29 +0300,HKCategoryValueSleepAnalysisInBed
2022-04-21 03:24:31 +0300,2022-04-21 03:48:02 +0300,HKCategoryValueSleepAnalysisInBed
2022-04-21 03:48:09 +0300,2022-04-21 08:00:15 +0300,HKCategoryValueSleepAnalysisInBed
2022-04-21 23:06:57 +0300,2022-04-22 03:51:03 +0300,HKCategoryValueSleepAnalysisInBed
2022-04-22 03:51:31 +0300,2022-04-22 04:05:47 +0300,HKCategoryValueSleepAnalysisInBed
2022-04-22 04:05:53 +0300,2022-04-22 04:10:38 +0300,HKCategoryValueSleepAnalysisInBed
2022-04-22 04:24:27 +0300,2022-04-22 07:00:11 +0300,HKCategoryValueSleepAnalysisInBed
2022-04-23 01:41:15 +0300,2022-04-23 07:45:20 +0300,HKCategoryValueSleepAnalysisInBed
2022-04-24 01:10:20 +0300,2022-04-24 07:15:15 +0300,HKCategoryValueSleepAnalysisInBed
2022-04-25 00:26:11 +0300,2022-04-25 05:00:22 +0300,HKCategoryValueSleepAnalysisInBed
2022-04-26 00:18:20 +0300,2022-04-26 04:45:00 +0300,HKCategoryValueSleepAnalysisInBed
2022-04-27 00:38:14 +0300,2022-04-27 07:21:05 +0300,HKCategoryValueSleepAnalysisInBed
2022-04-27 07:21:35 +0300,2022-04-27 08:30:09 +0300,HKCategoryValueSleepAnalysisInBed
2022-04-28 00:59:54 +0300,2022-04-28 07:30:08 +0300,HKCategoryValueSleepAnalysisInBed
2022-04-29 00:53:00 +0300,2022-04-29 07:30:18 +0300,HKCategoryValueSleepAnalysisInBed
2022-04-29 22:43:58 +0300,2022-04-30 05:00:22 +0300,HKCategoryValueSleepAnalysisInBed
2022-05-01 03:00:05 +0300,2022-05-01 09:58:15 +0300,HKCategoryValueSleepAnalysisInBed
2022-05-02 00:40:01 +0300,2022-05-02 05:00:00 +0300,HKCategoryValueSleepAnalysisInBed
2022-05-03 03:06:45 +0300,2022-05-03 03:08:11 +0300,HKCategoryValueSleepAnalysisInBed
2022-05-03 03:13:07 +0300,2022-05-03 05:00:15 +0300,HKCategoryValueSleepAnalysisInBed
2022-05-04 00:58:08 +0300,2022-05-04 08:58:47 +0300,HKCategoryValueSleepAnalysisInBed
2022-05-05 01:00:45 +0300,2022-05-05 09:00:14 +0300,HKCategoryValueSleepAnalysisInBed
2022-05-06 03:30:52 +0300,2022-05-06 08:45:08 +0300,HKCategoryValueSleepAnalysisInBed
2022-05-07 00:40:41 +0300,2022-05-07 08:30:21 +0300,HKCategoryValueSleepAnalysisInBed
2022-05-08 01:21:16 +0300,2022-05-08 09:07:39 +0300,HKCategoryValueSleepAnalysisInBed
2022-05-09 01:00:00 +0300,2022-05-09 07:30:15 +0300,HKCategoryValueSleepAnalysisInBed
2022-05-10 00:41:32 +0300,2022-05-10 06:45:24 +0300,HKCategoryValueSleepAnalysisInBed
2022-05-11 00:46:47 +0300,2022-05-11 08:00:11 +0300,HKCategoryValueSleepAnalysisInBed
2022-05-12 01:16:16 +0300,2022-05-12 05:00:00 +0300,HKCategoryValueSleepAnalysisInBed
2022-05-13 00:37:04 +0300,2022-05-13 05:00:02 +0300,HKCategoryValueSleepAnalysisInBed
2022-05-14 03:26:44 +0300,2022-05-14 11:14:12 +0300,HKCategoryValueSleepAnalysisInBed
2022-05-15 00:36:40 +0300,2022-05-15 08:30:11 +0300,HKCategoryValueSleepAnalysisInBed
2022-05-16 00:01:49 +0300,2022-05-16 06:30:14 +0300,HKCategoryValueSleepAnalysisInBed
2022-05-17 00:25:40 +0300,2022-05-17 06:01:47 +0300,HKCategoryValueSleepAnalysisInBed
2022-05-17 06:02:04 +0300,2022-05-17 08:10:12 +0300,HKCategoryValueSleepAnalysisInBed
2022-05-18 00:35:11 +0300,2022-05-18 08:00:15 +0300,HKCategoryValueSleepAnalysisInBed
2022-05-19 00:39:42 +0300,2022-05-19 07:45:21 +0300,HKCategoryValueSleepAnalysisInBed
2022-05-20 00:07:32 +0300,2022-05-20 07:00:13 +0300,HKCategoryValueSleepAnalysisInBed
2022-05-21 01:25:15 +0300,2022-05-21 08:30:09 +0300,HKCategoryValueSleepAnalysisInBed
2022-05-22 00:29:57 +0300,2022-05-22 06:59:11 +0300,HKCategoryValueSleepAnalysisInBed
2022-05-23 01:13:27 +0300,2022-05-23 06:50:00 +0300,HKCategoryValueSleepAnalysisInBed
2022-05-23 22:46:17 +0300,2022-05-24 04:23:17 +0300,HKCategoryValueSleepAnalysisInBed
2022-05-24 04:23:26 +0300,2022-05-24 04:42:43 +0300,HKCategoryValueSleepAnalysisInBed
2022-05-24 04:45:34 +0300,2022-05-24 06:30:00 +0300,HKCategoryValueSleepAnalysisInBed
2022-05-25 01:26:02 +0300,2022-05-25 08:00:09 +0300,HKCategoryValueSleepAnalysisInBed
2022-05-26 01:29:52 +0300,2022-05-26 09:00:12 +0300,HKCategoryValueSleepAnalysisInBed
2022-05-27 00:41:45 +0300,2022-05-27 07:19:04 +0300,HKCategoryValueSleepAnalysisInBed
2022-05-27 07:19:07 +0300,2022-05-27 07:26:10 +0300,HKCategoryValueSleepAnalysisInBed
2022-05-28 00:23:05 +0300,2022-05-28 08:00:10 +0300,HKCategoryValueSleepAnalysisInBed
2022-05-29 01:29:32 +0300,2022-05-29 07:24:27 +0300,HKCategoryValueSleepAnalysisInBed
2022-05-30 01:06:07 +0300,2022-05-30 08:30:14 +0300,HKCategoryValueSleepAnalysisInBed
2022-05-31 02:50:13 +0300,2022-05-31 04:21:14 +0300,HKCategoryValueSleepAnalysisInBed
2022-05-31 04:23:44 +0300,2022-05-31 04:24:06 +0300,HKCategoryValueSleepAnalysisInBed
2022-05-31 04:27:07 +0300,2022-05-31 04:27:31 +0300,HKCategoryValueSleepAnalysisInBed
2022-05-31 04:27:32 +0300,2022-05-31 04:28:44 +0300,HKCategoryValueSleepAnalysisInBed
2022-05-31 04:33:19 +0300,2022-05-31 04:33:21 +0300,HKCategoryValueSleepAnalysisInBed
2022-05-31 04:33:23 +0300,2022-05-31 04:34:34 +0300,HKCategoryValueSleepAnalysisInBed
2022-05-31 04:36:13 +0300,2022-05-31 04:36:14 +0300,HKCategoryValueSleepAnalysisInBed
2022-05-31 04:36:19 +0300,2022-05-31 04:36:30 +0300,HKCategoryValueSleepAnalysisInBed
2022-05-31 04:36:40 +0300,2022-05-31 04:36:41 +0300,HKCategoryValueSleepAnalysisInBed
2022-05-31 04:36:45 +0300,2022-05-31 04:37:35 +0300,HKCategoryValueSleepAnalysisInBed
2022-05-31 04:37:56 +0300,2022-05-31 04:38:40 +0300,HKCategoryValueSleepAnalysisInBed
2022-05-31 04:40:42 +0300,2022-05-31 04:41:50 +0300,HKCategoryValueSleepAnalysisInBed
2022-05-31 04:41:57 +0300,2022-05-31 04:42:59 +0300,HKCategoryValueSleepAnalysisInBed
2022-05-31 04:43:27 +0300,2022-05-31 04:49:43 +0300,HKCategoryValueSleepAnalysisInBed
2022-05-31 04:50:19 +0300,2022-05-31 04:50:41 +0300,HKCategoryValueSleepAnalysisInBed
2022-05-31 04:50:42 +0300,2022-05-31 04:52:01 +0300,HKCategoryValueSleepAnalysisInBed
2022-05-31 04:52:04 +0300,2022-05-31 04:53:33 +0300,HKCategoryValueSleepAnalysisInBed
2022-05-31 05:03:26 +0300,2022-05-31 08:53:15 +0300,HKCategoryValueSleepAnalysisInBed
2022-06-01 01:49:49 +0300,2022-06-01 07:45:26 +0300,HKCategoryValueSleepAnalysisInBed
2022-06-02 00:10:19 +0300,2022-06-02 07:45:19 +0300,HKCategoryValueSleepAnalysisInBed
2022-06-03 01:41:43 +0300,2022-06-03 09:23:50 +0300,HKCategoryValueSleepAnalysisInBed
2022-06-03 23:16:38 +0300,2022-06-04 07:20:20 +0300,HKCategoryValueSleepAnalysisInBed
2022-06-05 00:21:47 +0300,2022-06-05 06:30:17 +0300,HKCategoryValueSleepAnalysisInBed
2022-06-06 00:52:29 +0300,2022-06-06 08:00:15 +0300,HKCategoryValueSleepAnalysisInBed
2022-06-07 01:00:00 +0300,2022-06-07 09:00:12 +0300,HKCategoryValueSleepAnalysisInBed
2022-06-08 00:19:29 +0300,2022-06-08 08:00:09 +0300,HKCategoryValueSleepAnalysisInBed
2022-06-09 00:25:45 +0300,2022-06-09 08:30:17 +0300,HKCategoryValueSleepAnalysisInBed
2022-06-10 00:27:49 +0300,2022-06-10 08:30:12 +0300,HKCategoryValueSleepAnalysisInBed
2022-06-10 23:02:45 +0300,2022-06-11 06:00:10 +0300,HKCategoryValueSleepAnalysisInBed
2022-06-11 23:59:39 +0300,2022-06-12 00:01:04 +0300,HKCategoryValueSleepAnalysisInBed
2022-06-12 00:02:33 +0300,2022-06-12 00:03:05 +0300,HKCategoryValueSleepAnalysisInBed
2022-06-12 00:24:50 +0300,2022-06-12 00:25:09 +0300,HKCategoryValueSleepAnalysisInBed
2022-06-12 00:25:21 +0300,2022-06-12 06:03:35 +0300,HKCategoryValueSleepAnalysisInBed
2022-06-13 00:13:19 +0300,2022-06-13 07:44:36 +0300,HKCategoryValueSleepAnalysisInBed
2022-06-13 23:11:54 +0300,2022-06-14 08:00:12 +0300,HKCategoryValueSleepAnalysisInBed
2022-06-14 23:30:38 +0300,2022-06-15 08:00:11 +0300,HKCategoryValueSleepAnalysisInBed
2022-06-16 00:17:32 +0300,2022-06-16 07:15:22 +0300,HKCategoryValueSleepAnalysisInBed
2022-06-17 00:01:03 +0300,2022-06-17 08:00:14 +0300,HKCategoryValueSleepAnalysisInBed
2022-06-17 23:59:21 +0300,2022-06-18 05:30:03 +0300,HKCategoryValueSleepAnalysisInBed
2022-06-18 23:53:58 +0300,2022-06-19 05:27:58 +0300,HKCategoryValueSleepAnalysisInBed
2022-06-20 01:33:53 +0300,2022-06-20 09:04:35 +0300,HKCategoryValueSleepAnalysisInBed
2022-06-20 09:05:17 +0300,2022-06-20 09:07:45 +0300,HKCategoryValueSleepAnalysisInBed
2022-06-20 23:16:27 +0300,2022-06-21 01:11:43 +0300,HKCategoryValueSleepAnalysisInBed
2022-06-21 01:24:56 +0300,2022-06-21 08:00:09 +0300,HKCategoryValueSleepAnalysisInBed
2022-06-22 00:47:46 +0300,2022-06-22 08:00:13 +0300,HKCategoryValueSleepAnalysisInBed
2022-06-23 02:33:08 +0300,2022-06-23 09:30:12 +0300,HKCategoryValueSleepAnalysisInBed
2022-06-24 01:34:49 +0300,2022-06-24 09:00:13 +0300,HKCategoryValueSleepAnalysisInBed
2022-06-25 01:56:12 +0300,2022-06-25 08:21:01 +0300,HKCategoryValueSleepAnalysisInBed
2022-06-26 03:21:31 +0300,2022-06-26 06:42:01 +0300,HKCategoryValueSleepAnalysisInBed
2022-06-26 06:42:31 +0300,2022-06-26 09:21:28 +0300,HKCategoryValueSleepAnalysisInBed
2022-06-26 09:21:57 +0300,2022-06-26 09:22:51 +0300,HKCategoryValueSleepAnalysisInBed
2022-06-27 01:45:16 +0300,2022-06-27 08:00:48 +0300,HKCategoryValueSleepAnalysisInBed
2022-06-28 01:39:29 +0300,2022-06-28 07:08:31 +0300,HKCategoryValueSleepAnalysisInBed
2022-06-28 07:08:38 +0300,2022-06-28 07:11:47 +0300,HKCategoryValueSleepAnalysisInBed
2022-06-29 02:37:51 +0300,2022-06-29 08:00:10 +0300,HKCategoryValueSleepAnalysisInBed
2022-06-30 01:45:10 +0300,2022-06-30 10:00:10 +0300,HKCategoryValueSleepAnalysisInBed
2022-07-01 00:06:38 +0300,2022-07-01 00:39:09 +0300,HKCategoryValueSleepAnalysisInBed
2022-07-01 00:57:08 +0300,2022-07-01 00:59:30 +0300,HKCategoryValueSleepAnalysisInBed
2022-07-01 01:55:12 +0300,2022-07-01 08:00:19 +0300,HKCategoryValueSleepAnalysisInBed
2022-07-01 22:56:09 +0300,2022-07-02 08:00:10 +0300,HKCategoryValueSleepAnalysisInBed
